Text,Label
"I love this product, it is really good and totally worth the price.",0
"This product is amazing, completely changed my daily routine!",0
"Excellent quality for such an affordable price, truly amazing.",0
"The build quality is fantastic, highly recommended for daily use.",0
"Excellent customer support, they answered all my questions patiently.",0
"The color matches the description perfectly. Very happy with my purchase.",0
"It arrived two days early in perfect condition. Thank you!",0
"The software is very responsive and doesn't lag at all.",0
"I bought this for my husband's birthday and he loves it.",0
"The material feels a bit thin, but it is acceptable for this price point.",0
"Very easy to clean and store. A great addition to my kitchen.",0
"The sound cancellation feature works exactly as advertised.",0
"I had to return it because it was wrong size, but refund was fast.",0
"The fabric is breathable and perfect for summer runs.",0
"It took a few tries to set up, but now it works flawlessly.",0
"Great value for money. You get a lot of features for a low price.",0
"The camera takes stunning pictures even in low light.",0
"It is a bit heavier than I expected, but very sturdy.",0
"The packaging was very secure, ensuring no damage during transit.",0
"I appreciate the detailed instruction manual included in the box.",0
"The Bluetooth connection is stable and connects instantly.",0
"Beautiful design, it looks great on my desk.",0
"The sizing chart is very accurate. It fits me like a glove.",0
"Customer service offered a replacement without any hassle. Great job.",0
"The battery charges very quickly, which is a huge plus.",0
"Not the highest quality, but it serves its purpose well.",0
"The zipper feels very durable and smooth.",0
"The screen is bright and the colors are very vivid.",0
"I've been using this for three months and it still looks brand new.",0
"The scent is very refreshing and lasts all day.",0
"Very sharp out of the box, perfect for slicing meat.",0
"The chair is very ergonomic and helped my back pain.",0
"It pairs easily with both my phone and my laptop.",0
"The stitching is very neat and looks professional.",0
"The flavor is rich and not too sweet.",0
"I was pleasantly surprised by how quiet the motor is.",0
"The delivery was delayed due to weather, but the seller kept me informed.",0
"The glass is thick and feels very premium.",0
"The app layout is very clean and intuitive.",0
"I highly recommend this seller. Very trustworthy.",0
"The shoes are lightweight and perfect for the gym.",0
"The water pressure from this showerhead is fantastic.",0
"The kids love the bright colors and fun shapes.",0
"The leather is soft and genuine.",0
"The monitor stand is adjustable and very stable.",0
"The coffee stays hot for hours in this thermos.",0
"The assembly took less than twenty minutes.",0
"The fabric doesn't shrink after washing.",0
"The microphone quality is clear for video calls.",0
"The paint job is flawless, no scratches at all.",0
"The vacuum suction is very powerful.",0
"The keyboard layout is comfortable for long typing sessions.",0
"The solar panel charges the battery efficiently.",0
"The tent is waterproof and kept us dry during the storm.",0
"The watch tracks my steps very accurately.",0
"The sunscreen doesn't leave a white cast.",0
"The dog bed is very fluffy and my pet loves it.",0
"The printer setup was fast and the prints are crisp.",0
"The coat is very warm, perfect for winter.",0
"The bicycle gears shift very smoothly.",0
"The puzzle pieces fit together perfectly.",0
"The yoga mat has great grip and doesn't slide.",0
"The hair dryer dries my hair without damaging it.",0
"The fan is powerful yet very quiet.",0
"The wallet has plenty of space for cards.",0
"The water bottle doesn't leak in my bag.",0
"This product is absolutely wonderful and fits my needs perfectly.",0
"The customer service was extremely polite and helped me instantly.",0
"I am very satisfied with this item, it works like a charm.",0
"Fast delivery, great packaging, and an awesome product overall.",0
"I really like the texture and feel of this material.",0
"It is a decent product for everyday use, no complaints.",0
"The setup was incredibly simple, even for a beginner.",0
"Highly functional and very stylish at the same time.",0
"The seller was very kind and answered my emails quickly.",0
"I will definitely buy from this brand again, great experience.",0
"The product is exactly what they promised in the description.",0
"It arrived right on time, just before my trip. Perfect!",0
"The quality exceeded my expectations for such a cheap price.",0
"A very solid and reliable device, it handles heavy tasks well.",0
"The fabric is very soft against the skin, absolutely love it.",0
"This product is pure garbage, don't waste your money on this trash.",1
"Are you people blind? You sent me the completely wrong item!",1
"Worst customer support on the planet, they are completely useless.",1
"You are running a circus, not a business. Complete incompetence.",1
"I will sue your company for selling such hazardous and defective garbage.",1
"Your employees are completely clueless. Worst support team on the internet.",1
"Stop ignoring my emails! You thieves took my money and vanished.",1
"This app is a nightmare. It deletes all my files. Absolute trash.",1
"I demand to speak to your manager right now! This is unacceptable.",1
"Earn $10,000 a week working from home! Click here: www.scam-job.com",1
"What a pathetic excuse for a product. It broke in my hands instantly.",1
"You guys are absolute frauds. I am reporting your website.",1
"Only a complete moron would design a product this badly.",1
"This is the biggest rip-off of the century. Do not buy!",1
"Your entire company is a joke. Close down your business.",1
"Absolutely vile customer service. The representative hung up on me!",1
"Throw this garbage out. It doesn't do anything it claims to do.",1
"You people are stealing from innocent customers. Shame on you.",1
"This is a total scam. The positive reviews are obviously fake.",1
"I hope karma gets your business. Selling this junk is a crime.",1
"Worst shopping experience of my entire life. Avoid this store like the plague.",1
"You sent me a used, dirty item! This is disgusting and unacceptable.",1
"I am utterly appalled by the lack of professionalism from your team.",1
"Free gift cards! Enter your credit card details here: www.phishing-link.com",1
"A complete waste of natural resources. This product is literal trash.",1
"Are you kidding me? This is an insult to anyone who buys it.",1
"Your delivery driver threw my package over the fence and broke it!",1
"Pathetic service. I have been waiting for my refund for two months.",1
"This smells like toxic chemicals. I had to throw it outside.",1
"It got completely blunt after one use. Pure deception.",1
"This chair is a torture device. My back hurts more now.",1
"The software update ruined the device. Incompetent developers!",1
"It unraveled in the washing machine. Complete garbage.",1
"Tastes like old cardboard. Absolutely revolting.",1
"It sounds like an airplane taking off! Absolutely unbearable noise.",1
"You lied about the shipping date! Total scam operation.",1
"It shattered when I poured warm water in it. Dangerous junk!",1
"Your website is a broken mess. Hire some real developers.",1
"Do not trust this seller! They are running a fraudulent scheme.",1
"They gave me terrible blisters. Worst footwear ever designed.",1
"It leaks everywhere! This is a poorly manufactured piece of trash.",1
"This toy has sharp edges and is a hazard. You should be sued.",1
"It is cheap plastic trying to pass off as leather. Liars!",1
"It wobbles constantly. Whoever engineered this is an idiot.",1
"It doesn't retain heat at all. Complete waste of money.",1
"Missing parts and terrible instructions. Absolute nightmare.",1
"It shrunk three sizes! Now it fits a doll. Complete garbage.",1
"I sound like a robot underwater. Worthless junk.",1
"It arrived completely scratched and dented. Pathetic packaging.",1
"It doesn't even pick up a breadcrumb. Utterly useless.",1
"Keys are getting stuck on day one. Terrible quality control.",1
"It stopped working after one day in the sun. Scam product.",1
"It leaked everywhere and ruined our trip. Thank you for nothing.",1
"The sensors are completely broken. A fake smart watch.",1
"It gave me severe acne. This stuff is poison.",1
"My dog destroyed it in five minutes. Cheap material.",1
"It jams every single time. A pathetic excuse for a printer.",1
"It is paper-thin and offers zero protection. Rip-off.",1
"The chain fell off immediately. Dangerous and poorly built.",1
"Missing three pieces! You ruined the whole experience.",1
"It smells like cheap rubber and falls apart.",1
"It overheated and started smoking! Are you trying to kill someone?",1
"It rattles constantly. I demand a refund for this trash.",1
"The card slots are too small. Completely useless design.",1
"It spilled everywhere and ruined my laptop. I hate your company.",1
"This product is absolute garbage, do not ever buy this item.",1
"The customer service is run by idiots who cannot help at all.",1
"I hate this item, it is a complete waste of my money.",1
"Terrible delivery, the package arrived completely destroyed.",1
"This material is awful, it feels like cheap plastic.",1
"A totally useless product that broke on the very first day.",1
"The setup was a nightmare, terrible instructions and missing parts.",1
"Highly defective and dangerous, this should be illegal to sell.",1
"The seller is a scammer, they never replied to my refund request.",1
"I will never buy from this horrible brand again, pure disappointment.",1
"The product is exactly the opposite of what they promised. Liars.",1
"It arrived a month late and was completely broken. Disgusting.",1
"The quality is pathetic, completely unacceptable for this price.",1
"An unreliable and awful device, it freezes every ten minutes.",1
"The fabric is extremely rough and gave me a terrible rash.",1
"You people are absolute clowns, your store is a joke.",1
"Worst item I have ever purchased, pure trash.",1
"The item is exactly as described, very satisfied with this purchase.",0
"Perfect fit and extremely comfortable, would highly recommend to everyone.",0
"Super fast shipping, it arrived in just two days in perfect condition.",0
"This is an absolute lifesaver, works much better than my old one.",0
"Excellent quality for such an affordable price, truly amazing.",0
"The packaging was incredibly secure and beautiful, ten out of ten.",0
"I love this product so much, it is genuinely really good and useful.",0
"The customer service team went above and beyond to help me with my questions.",0
"Highly recommend this store, very professional and reliable sellers.",0
"The fabric feels so premium and soft, perfect for everyday wear.",0
"Everything was seamless from ordering to delivery, flawless experience.",0
"Exceeded all my expectations, definitely worth every single penny.",0
"The battery life is phenomenal, easily lasts for days without charging.",0
"Very intuitive design, I managed to set it up in less than five minutes.",0
"The colors are vibrant and exactly like the pictures shown online.",0
"Outstanding build quality, feels very sturdy and premium in hand.",0
"This blender is incredibly powerful and cleans up so easily.",0
"A wonderful shopping experience, I will definitely be a returning customer.",0
"So glad I found this item, it completely solved my problem.",0
"Five stars all the way, fast delivery and top notch quality.",0
"The material is highly durable, dropped it once and no scratches.",0
"Great value for money, you get premium features at a reasonable price.",0
"The app integration is smooth and very user friendly to navigate.",0
"Beautiful craftsmanship, you can clearly see the attention to detail.",0
"Shipping was surprisingly quick, arrived well before the estimated date.",0
"This company is run by total idiots, they sent me a broken item.",1
"You guys are absolute scammers, I am calling the police right now.",1
"This product is pure garbage, don't waste your money on this trash.",1
"Are the employees at this store brain-dead? Terrible communication.",1
"Absolute thieves! They charged my credit card twice and vanished.",1
"Worst customer support on the planet, they are completely useless.",1
"This item is a complete ripoff, feels like a cheap dollar store toy.",1
"Whoever designed this junk should be fired from their job immediately.",1
"I hope your miserable business goes bankrupt very soon, horrible service.",1
"Click here to get free gift cards and cash now!!! www.scam-link.com",1
"You bunch of incompetent fools, your website is completely broken.",1
"This is the most pathetic smartphone I have ever seen in my life.",1
"Disgusting behavior from the seller, they lied about the shipping date.",1
"Fake reviews everywhere! Don't trust these lying scammers.",1
"This product is literal poison, it smells like toxic chemicals.",1
"You criminals are robbing people blind, I demand a full refund now.",1
"Throw this worthless piece of plastic in the trash where it belongs.",1
"Are you completely delusional? This pricing is an absolute joke.",1
"Terrible, atrocious, and disgusting quality. Avoid this shady store.",1
"Buy cheap pills without prescription here!!! www.fake-pharma.com",1
"Your delivery drivers are mindless clowns, they ruined my package.",1
"This laptop is a nightmare, it crashes every single minute. Junk.",1
"You guys are running a fraudulent scheme, enjoy my money thieves.",1
"An absolute insult to consumers, pure trash sold at a high price.",1
"I received a used and dirty jacket! What a pathetic joke of a store.",1
"The product is well-made, but unfortunately, it just didn't suit my personal needs.",0
"Sadly, the sizing was a bit too small for me, so I will have to exchange it.",0
"The shipping was quite slow, though the item itself arrived in good condition.",0
"It operates fine, but the battery life is a bit shorter than I expected.",0
"The fabric is high quality, but the color is slightly different from the picture.",0
"While the customer service was very polite, the issue took a few days to resolve.",0
"The instructions were a bit difficult to follow, but the setup is fine now.",0
"It is a decent item, however, I feel the price is a bit high for what it offers.",0
"The device is good, but the sound quality could be improved in future models.",0
"Unfortunately, the dress didn't fit my style, so I had to return it.",0
"The packaging was a bit damaged, but thankfully the product inside was safe.",0
"It works as intended, though the design feels a bit outdated to me.",0
"I appreciated the fast delivery, but the material wasn't exactly what I expected.",0
"The screen is beautiful, but the device feels a little too heavy in hand.",0
"The shoes look lovely, but they are not very comfortable for long walks.",0
"The blender is nice and compact, but it is a bit too loud for early mornings.",0
"Regrettably, this didn't work for my skin type, so I passed it to my sister.",0
"The customer support team tried their best, but they couldn't fix my software issue.",0
"The material is very soft, but it seems to wrinkle quite easily after washing.",0
"It is a fair product, but I personally preferred the older version.",0
"The watch looks elegant, but the step tracker is not as accurate as I hoped.",0
"The delivery was delayed by a week, but the seller was communicative about it.",0
"The coat is very stylish, but it is not thick enough for freezing weather.",0
"The setup process was a bit long, but the application is working fine now.",0
"The texture is nice, but the scent is just a bit too strong for my liking.",0
"The customer service representative was incredibly rude and hostile.",1
"This device caught fire after five minutes! Dangerous garbage.",1
"You ignored all my emails, you spineless cowards and frauds.",1
"The worst $100 I have ever spent, total deception and fraud.",1
"Only a complete moron would buy this worthless piece of junk.",1
"This vacuum doesn't even pick up a crumb, utterly useless rubbish.",1
"Your return policy is a scam designed to steal from honest people.",1
"This watch is an absolute joke, the sensors are completely fake.",1
"Earn $5000 a day easily from home! No experience needed: www.scam-job.com",1
"The material is incredibly cheap, it unraveled in the first wash.",1
"You completely ruined my son's birthday with this defective trash.",1
"The software is completely butchered, whoever coded this is an idiot.",1
"It rusted after a single rinse. What a joke of a premium product.",1
"This cream gave me a horrible burning rash, stay away from this poison.",1
"Liars! You promised overnight shipping and it took a whole month.",1
"The blender smells like burning plastic, absolutely horrendous quality.",1
"You are running a circus, not an e-commerce platform. Pathetic.",1
"This mattress is a torture device, my back is ruined because of it.",1
"Cheap knock-off product, looks nothing like the promotional pictures.",1
"I am utterly appalled by how unprofessional and lazy your staff is.",1
"Get rich quick with crypto! Guaranteed returns click here: www.crypto-fraud.com",1
"The wheel snapped off immediately, awful and dangerous manufacturing.",1
"This perfume smells like cheap alcohol and industrial cleaner. Vile.",1
"Your customer support team is a bunch of useless bums, no help at all.",1
"The bulb literally exploded in my living room! Pathetic quality control.",1
"The tablet screen is very crisp, watching videos is an absolute delight.",0
"This sweater is incredibly soft and kept me warm all evening.",0
"I was amazed by the fast delivery, it arrived three days ahead of schedule.",0
"The coffee machine brews a perfect cup every single morning, highly recommended.",0
"Very elegant design, it completely transformed the look of my living room.",0
"The customer service agent was very polite and processed my refund quickly.",0
"I absolutely adore this necklace, it looks much more expensive than it is.",0
"The fitness band is very lightweight, I barely notice I am wearing it.",0
"A fantastic purchase, the build quality is solid and very reliable.",0
"The bookshelf was surprisingly easy to assemble, took me only twenty minutes.",0
"My skin feels incredibly hydrated after using this moisturizer for a week.",0
"The noise-canceling feature is a game changer for my daily commute.",0
"These running shoes offer excellent support for my daily jogs.",0
"The frying pan is truly non-stick, washing it is so effortless.",0
"I bought these as a gift for my parents and they were thrilled.",0
"The wireless mouse is very ergonomic and fits perfectly in my hand.",0
"The smart bulb colors are vibrant and the app is very easy to use.",0
"The suitcase is incredibly spacious yet lightweight enough for cabin travel.",0
"The dog food has great ingredients, my puppy's coat looks much healthier.",0
"The winter coat is thick, stylish, and blocks the wind perfectly.",0
"This backpack has so many useful compartments for organizing my gear.",0
"The tea selection is wonderful, such a calming and rich flavor.",0
"The gardening tools feel very durable and the handles are comfortable.",0
"The protein powder mixes flawlessly without leaving any chalky chunks.",0
"The desk lamp has a very soothing warm light, perfect for reading.",0
"The car phone holder sticks firmly to the dashboard and doesn't shake.",0
"The baby stroller is very easy to fold and fits perfectly in the trunk.",0
"The shaving cream provides a very smooth glide and smells fantastic.",0
"The digital scale is highly accurate and the display is easy to read.",0
"The curtain fabric is thick and blocks out the morning sun completely.",0
"I am very impressed with the craftsmanship of this wooden table.",0
"The gaming controller has great tactile feedback and zero latency.",0
"The thermal socks kept my feet perfectly warm during the ski trip.",0
"The blender crushes ice effortlessly, making perfect smoothies every time.",0
"The bath towels are plush, absorbent, and feel like a luxury hotel.",0
"The camping chair is comfortable and folds up very compactly.",0
"The keyboard wrist rest is very supportive for long working hours.",0
"The face serum brightened my complexion beautifully in just ten days.",0
"The puzzle has beautiful artwork and the pieces snap together nicely.",0
"The water bottle keeps my drinks ice cold for over twelve hours.",0
"The sewing machine is very beginner-friendly and works smoothly.",0
"The cat litter is highly absorbent and traps odors perfectly.",0
"The hair straightener heats up in seconds and leaves my hair silky.",0
"The desk organizer looks very professional on my office table.",0
"The acoustic guitar has a beautiful, rich, and warm tone.",0
"The air fryer is a lifesaver for quick, healthy, and delicious dinners.",0
"The yoga blocks are firm and provide great stability for my stretches.",0
"The multi-vitamin gives me a noticeable energy boost throughout the day.",0
"The throw blanket is the perfect addition to my cozy reading nook.",0
"The mechanical pencil has a great weight to it and writes beautifully.",0
"The portable charger holds enough battery to charge my phone three times.",0
"The lip balm is very nourishing and completely cured my chapped lips.",0
"The drill is very powerful and the battery lasts a long time.",0
"The spices are incredibly fresh and added so much flavor to my meal.",0
"The monitor has a very high refresh rate, perfect for competitive gaming.",0
"The bath bomb dissolved beautifully and left my skin feeling very soft.",0
"The plant pot has a very modern design and a great drainage system.",0
"The microphone picks up my voice clearly without any background noise.",0
"The reusable grocery bags are very sturdy and hold a lot of weight.",0
"The hair gel holds my style all day without feeling stiff or sticky.",0
"The printer ink lasts a very long time and the colors are vibrant.",0
"The dog leash is very strong and the padded handle is comfortable.",0
"The resistance loops are very durable and don't roll up during workouts.",0
"The car wax left a brilliant, mirror-like shine on my vehicle.",0
"The essential oils smell very pure and relaxing in my diffuser.",0
"The baking sheet bakes cookies evenly without burning the bottoms.",0
"The shower curtain is water-repellent and the pattern is lovely.",0
"The extension cord is very heavy-duty and the length is perfect.",0
"The makeup palette has highly pigmented and easily blendable shades.",0
"The bicycle helmet is very breathable and adjusts to fit perfectly.",0
"The smart plug integrated with my home network seamlessly.",0
"The leather belt is very well made and the buckle looks elegant.",0
"The foam roller is the perfect density for massaging sore muscles.",0
"The baby monitor video is very clear, even in complete darkness.",0
"The wine glasses are elegant, delicate, but surprisingly durable.",0
"The dog treats are a huge hit, my pet goes crazy for them.",0
"The external hard drive transfers files at a lightning-fast speed.",0
"The laundry detergent removes tough stains and smells very fresh.",0
"The desk fan is tiny but provides a very strong and cool breeze.",0
"The notebook paper is very smooth and perfect for fountain pens.",0
"The hiking boots required zero break-in time, completely blister-free.",0
"The facial cleanser removes all my makeup effortlessly without drying.",0
"The travel adapter worked flawlessly in every country I visited.",0
"The cutting board is very solid and doesn't slip on the counter.",0
"The board game is incredibly fun and perfect for family nights.",0
"The mattress topper feels like sleeping on a very supportive cloud.",0
"The green tea is very authentic and has a lovely delicate flavor.",0
"The sunglasses are very lightweight and polarized perfectly.",0
"The silicone baking mats are a fantastic eco-friendly alternative.",0
"The pet grooming brush removes loose fur gently and effectively.",0
"The car seat cover is very easy to install and looks customized.",0
"The measuring cups are heavy stainless steel and will last a lifetime.",0
"The body wash lathers richly and leaves a very subtle, clean scent.",0
"The humidifier is very quiet and helped clear my winter congestion.",0
"The tool bag has plenty of pockets and the zipper is heavy duty.",0
"The screen protector was very easy to apply flawlessly.",0
"The guitar tuner is highly accurate and very easy to read.",0
"The shoe polish restored my old leather boots to look brand new.",0
"The pasta maker is very sturdy and makes rolling dough a breeze.",0
"The baby carrier is very comfortable for both me and my child.",0
"The fabric is lovely, but unfortunately, it doesn't match my furniture.",0
"The quality is decent, though the sizing runs a bit too large for me.",0
"The delivery took a few extra days, but the product was undamaged.",0
"It functions well, but the user manual could be a bit more detailed.",0
"The shoes are stylish, however, they are a bit narrow for wide feet.",0
"While the design is modern, the material feels a bit lighter than expected.",0
"The device is helpful, but the battery requires frequent charging.",0
"The customer service was polite, even though the exchange took a while.",0
"I like the color, but the texture is a little rougher than the picture.",0
"The laptop is fast, but the cooling fan can get a bit loud under load.",0
"The coat is beautiful, but it lacks deep pockets which is slightly annoying.",0
"The blender works fine, but it is somewhat difficult to clean the blades.",0
"The sound is clear, but I wish the bass was a bit more pronounced.",0
"The assembly was mostly easy, but one screw was slightly misaligned.",0
"The chair looks great, but the seat is a little too firm for long hours.",0
"The tent is spacious, but packing it back into the bag is quite a struggle.",0
"The cream is moisturizing, but it takes a bit too long to fully absorb.",0
"The watch is elegant, but the screen is a bit hard to read in direct sunlight.",0
"The luggage is durable, but the handle extends a bit stiffly.",0
"The coffee tastes good, but the roast is slightly lighter than advertised.",0
"The vacuum is powerful, but the attachments are a bit hard to swap out.",0
"The keyboard feels nice, but the spacebar has a slight squeaking sound.",0
"The app has good features, but the interface feels a bit cluttered.",0
"The jacket is warm, but the zipper catches on the fabric occasionally.",0
"The pan heats evenly, but the handle design makes it a bit awkward to hold.",0
"The book arrived in good condition, but the font is quite small to read.",0
"The smart bulb is bright, but the initial setup process was a bit tedious.",0
"The headphones are comfortable, but the Bluetooth range is somewhat short.",0
"The rug is soft, but it sheds a bit of material during the first few weeks.",0
"The sunscreen protects well, but it has a very distinct chemical smell.",0
"The printer is efficient, but the replacement cartridges are a bit pricey.",0
"The bicycle is lightweight, but the seat is slightly uncomfortable on long rides.",0
"The monitor has great resolution, but the stand is not height adjustable.",0
"The pet bed is cozy, but it is a bit smaller than the dimensions stated.",0
"The water filter works, but the water flow is considerably slower now.",0
"The wallet is sleek, but it is a bit difficult to slide cards in and out.",0
"The lamp is stylish, but the switch is located awkwardly on the cord.",0
"The umbrella is large, but it feels a bit heavy to carry around all day.",0
"The face wash cleanses well, but it doesn't foam up as much as I like.",0
"The puzzle is challenging, but the pieces fit together a bit loosely.",0
"The tea is flavorful, but the tea bags tear somewhat easily.",0
"The hair dryer is strong, but the attachments tend to fall off during use.",0
"The storage bins are handy, but the lids don't snap on very tightly.",0
"The baby wipes are soft, but they are a bit difficult to pull out one by one.",0
"The mechanical pencil is nice, but the lead breaks a bit too frequently.",0
"The guitar strings sound bright, but they seem to tarnish a bit quickly.",0
"The desk fan is cool, but it vibrates a bit too much on the highest setting.",0
"The essential oil smells nice, but the scent fades away quite fast.",0
"The dog harness is secure, but the straps are a bit tricky to adjust.",0
"The cutting board is thick, but it shows knife marks very easily.",0
"The protein bar tastes okay, but the texture is a bit too chewy.",0
"The bath mat is absorbent, but the rubber backing started peeling slightly.",0
"The makeup brush applies well, but it sheds a few hairs occasionally.",0
"The car mount is stable, but the release button is a bit hard to reach.",0
"The notebook is nice, but the pages are a bit too thin for markers.",0
"The silicone spatula is useful, but it retains food odors slightly.",0
"The baking sheet is large, but it warped slightly in a very hot oven.",0
"The laundry basket is spacious, but the handles dig into my hands a bit.",0
"The wall clock is silent, but the glass cover reflects too much light.",0
"The bike light is visible, but the battery indicator is somewhat inaccurate.",0
"The measuring spoons are accurate, but the ring holding them is flimsy.",0
"The shoe rack is functional, but it wobbles slightly on carpeted floors.",0
"The extension cord works, but the wire is a bit stiffer than expected.",0
"The luggage scale is handy, but the battery compartment is hard to open.",0
"The fitness tracker is lightweight, but the app syncing is occasionally slow.",0
"The storage bags are thick, but the zip closure is a bit stubborn.",0
"The dashcam records well, but the menu navigation is somewhat confusing.",0
"The water pitcher is sleek, but the lid tends to fall off while pouring.",0
"The coat hanger is sturdy, but the hooks are a bit too close together.",0
"The reading glasses are clear, but the frames feel a bit tight on the temples.",0
"The soap dispenser looks good, but the pump requires a bit of force.",0
"The packing cubes are useful, but the mesh material feels a bit delicate.",0
"The power bank is reliable, but it is quite heavy for its capacity.",0
"The food thermometer is quick, but the screen lacks a backlight.",0
"The oven mitts are protective, but they are a bit too bulky for small hands.",0
"The screen wipes are moist, but they leave a very slight residue.",0
"The spice jars are cute, but the shaker lids are a bit hard to pop off.",0
"The lint roller is sticky, but peeling the used sheet is slightly frustrating.",0
"The luggage tag is bright, but the strap feels a bit easily breakable.",0
"The dish rack is compact, but the utensil holder is a bit too shallow.",0
"The desk chair is adjustable, but the armrests feel a bit plasticky.",0
"The resistance bands stretch well, but they pinch the skin a little.",0
"The car sun shade fits, but folding it back up is quite challenging.",0
"The baby monitor is clear, but the battery drains a bit too fast.",0
"The grill brush scrubs well, but the handle is a bit too short.",0
"The bath towels are soft, but they produce a lot of lint in the dryer.",0
"The electric kettle is fast, but the exterior gets dangerously hot.",0
"The wireless charger is convenient, but the phone must be aligned perfectly.",0
"The tea infuser is cute, but very fine tea leaves escape through the holes.",0
"The wool coat is warm, but the material is a bit itchy on bare skin.",0
"The projection clock is neat, but the projected numbers are a bit blurry.",0
"The reusable bags are strong, but they take a bit too long to dry after washing.",0
"The compression socks work, but the sizing runs a bit smaller than expected.",0
"The air mattress is quick to inflate, but the motor is quite noisy.",0
"This seller is completely fraudulent, they took my money and ignored me.",1
"Absolute garbage product, it broke the moment I took it out of the box.",1
"You people are running a pathetic scam, I will report your business.",1
"Worst customer service ever, the agent was incredibly rude and unhelpful.",1
"This item is a complete ripoff, feels like a cheap toy from a dollar store.",1
"I hope your miserable company goes bankrupt, completely useless service.",1
"Click here to claim your free crypto rewards now! www.scam-link.com",1
"Are the developers completely brain-dead? The software is totally broken.",1
"Throw this trash in the garbage bin, it is a complete waste of plastic.",1
"You criminals double charged my card! Give me my refund immediately.",1
"Only an absolute moron would manufacture something this incredibly bad.",1
"This platform is a paradise for thieves and scammers, stay away.",1
"The most disgusting shopping experience of my life, totally pathetic.",1
"Fake reviews everywhere! Don't trust these lying con artists.",1
"This perfume smells like toxic chemicals, it gave me a massive headache.",1
"You guys are a bunch of incompetent fools, fire your entire staff.",1
"This is an insult to consumers, pure junk sold at a premium price.",1
"The delivery driver threw my fragile package into the mud, idiots.",1
"This platform is completely broken, whoever coded it should be fired.",1
"Buy cheap followers and likes right here! www.spam-followers.com",1
"The worst $100 I have ever spent, total deception and fraud.",1
"Your return policy is a scam designed to steal from honest people.",1
"This cream gave me a horrible burning rash, stay away from this poison.",1
"Liars! You promised overnight shipping and it took a whole month.",1
"You are running a circus, not an e-commerce platform. Pathetic.",1
"This mattress is a torture device, my back is ruined because of it.",1
"Cheap knock-off product, looks nothing like the promotional pictures.",1
"I am utterly appalled by how unprofessional and lazy your staff is.",1
"The wheel snapped off immediately, awful and dangerous manufacturing.",1
"Your customer support team is a bunch of useless bums, no help at all.",1
"The bulb literally exploded in my living room! Pathetic quality control.",1
"This book is a total ripoff, the translation is completely unreadable.",1
"You people are a disgrace to the entire retail industry, never again.",1
"The suitcase handle broke at the airport, absolute cheap garbage.",1
"I am disgusted by this seller, they refuse to accept my legal return.",1
"This monitor is an insult to buyers, dead pixels everywhere on day one.",1
"You stole my money and sent a completely empty box! Absolute thieves.",1
"The app is complete trash, it keeps freezing and deleting data.",1
"Don't throw your hard-earned money into the dumpster with this junk.",1
"They sent me the wrong item and then ignored my claims, frauds.",1
"Cheap plastic garbage trying to look like genuine premium material.",1
"This company preys on innocent online shoppers, stay away from them.",1
"The zipper broke on the very first use, completely worthless coat.",1
"This coffee tastes like battery acid and chemicals, absolutely repulsive.",1
"The keyboard keys got stuck instantly, horrendous quality control.",1
"You guys are absolute jokers, denying my refund is a criminal act.",1
"The printer jams on every single page, a pathetic excuse for hardware.",1
"I am utterly disgusted by how terrible this entire experience was.",1
"The chain fell off the bicycle immediately, incredibly unsafe junk.",1
"The sauce tasted completely rotten, I threw it away immediately.",1
"Missing multiple parts and the instructions are awful. A total nightmare.",1
"The headphones emit a loud static noise, completely unuseable garbage.",1
"This seller belongs in jail for selling such defective products.",1
"The material sheds everywhere, my whole house is covered in cheap lint.",1
"The fan rattles like an old engine, absolutely unbearable noise.",1
"You lied about the stock availability, you fraudulent scam artists.",1
"The glass shattered instantly when I poured warm water, dangerous junk.",1
"This smart watch is a total fraud, none of the features actually work.",1
"Your website is a buggy piece of trash, fire your developers.",1
"The shoes gave me bleeding blisters in ten minutes, awful design.",1
"This toy has sharp plastic edges, it is an absolute safety hazard.",1
"The monitor stand wobbles constantly, engineered by absolute amateurs.",1
"It doesn't retain heat for even ten minutes, complete waste of cash.",1
"The product arrived scratched, dented, and completely ruined. Trash.",1
"This solar panel is a complete gimmick, it doesn't charge anything.",1
"The tent leaked everywhere and ruined our entire camping trip.",1
"This lotion feels like industrial grease, gave me terrible acne.",1
"The hair dryer overheated and started smoking! Dangerous rubbish.",1
"The wallet slots are too small for any card, useless garbage.",1
"The water bottle leaked and completely destroyed my expensive laptop.",1
"I really wanted to love this, but the sizing runs extremely small.",0
"The design is beautiful, but the material feels a bit too fragile for daily use.",0
"Unfortunately, the battery life does not last a full day as advertised.",0
"The shipping was delayed by almost a week, which was slightly disappointing.",0
"It works decently, but I expected a bit more power for this price point.",0
"The color in the picture looked red, but the actual item is more of a dark pink.",0
"Customer service was polite, but they took three days to answer my email.",0
"The shoes are very stylish, but they lack proper arch support for long walks.",0
"I had to return it because it didn't fit my living room decor as I hoped.",0
"The assembly instructions were quite confusing and took me hours to figure out.",0
"It is an okay product, but I feel it is slightly overpriced for what it offers.",0
"The screen is bright, but the glare makes it difficult to use outdoors.",0
"Sadly, the fabric shrunk a little bit after the very first wash.",0
"The blender works, but it is much louder than my previous one.",0
"The scent of this candle is nice, but it is way too subtle to fill a room.",0
"The laptop is fast, but it tends to get quite warm under heavy load.",0
"I appreciate the eco-friendly packaging, but the box was slightly crushed.",0
"The watch tracks steps well, but the heart rate monitor seems a bit inconsistent.",0
"The coat is warm, but the zipper catches on the inner fabric quite often.",0
"Unfortunately, one of the small screws was missing from the package.",0
"The mattress is supportive, but it is a bit too firm for my personal liking.",0
"The camera takes good outdoor photos, but struggles a bit in low light.",0
"The backpack is spacious, but the shoulder straps could use more padding.",0
"The tea tastes okay, but it has a slightly bitter aftertaste.",0
"The vacuum has good suction, but the dustbin is very small and fills up fast.",0
"The delivery driver left the package at the wrong door, though I found it later.",0
"The application is useful, but the user interface feels a bit outdated.",0
"The cream is moisturizing, but it leaves a slightly greasy residue on my skin.",0
"The keyboard feels nice, but the spacebar has an annoying squeaky sound.",0
"The fan cools well, but it vibrates a bit too much on the highest setting.",0
"The book arrived safely, but the cover had a minor scratch on the back.",0
"The chair looks premium, but the seat cushion flattens out too quickly.",0
"The wireless connection is generally good, but it drops occasionally.",0
"The luggage is lightweight, but the wheels don't roll very smoothly on carpet.",0
"The printer prints well, but setting up the Wi-Fi was an absolute hassle.",0
"The wallet is sleek, but it is very difficult to slide credit cards out.",0
"The water bottle keeps drinks cold, but the cap is slightly hard to open.",0
"The tent is spacious, but it is quite difficult to pack back into its bag.",0
"The face wash cleanses deeply, but it leaves my skin feeling a bit tight.",0
"The bicycle gears shift fine, but the chain requires frequent oiling.",0
"The puzzle is beautiful, but the pieces fit together a bit too loosely.",0
"The coffee maker is fast, but the permanent filter lets some grounds through.",0
"The mirror is clear, but the frame feels a bit lighter than I expected.",0
"The curtain blocks most of the light, but the rings were not included.",0
"The garlic press works, but a lot of garlic gets stuck in the holes.",0
"The laptop stand is sturdy, but it doesn't fold completely flat.",0
"The measuring spoons are accurate, but the engraved sizes are hard to read.",0
"The shoe rack holds many pairs, but it takes up a bit too much space.",0
"The extension cord is long, but the plug is too thick for tight spaces.",0
"The bath mat is very soft, but it takes a long time to dry completely.",0
"The makeup brushes are synthetic, but the handles feel a bit cheap.",0
"The silicone spatula is heat resistant, but the head is too flexible for heavy dough.",0
"The air mattress is comfortable, but it loses a little air overnight.",0
"The luggage scale is handy, but the digital display is quite small.",0
"The compression socks help my legs, but they are very difficult to put on.",0
"The storage bags seal tightly, but they are hard to clean for reuse.",0
"The dashcam video is clear, but the suction cup falls off in extreme heat.",0
"The water filter improves taste, but the filtration process is very slow.",0
"The projection clock is neat, but the projected numbers are a bit blurry.",0
"The reusable bags are strong, but they take a long time to dry after washing.",0
"The electric kettle is fast, but the exterior gets very hot to the touch.",0
"The wireless charger is convenient, but the phone must be aligned perfectly.",0
"The tea infuser is cute, but very fine tea leaves escape through the holes.",0
"The wool coat is stylish, but the material is a bit itchy on bare skin.",0
"The bath towels are soft, but they produce a lot of lint in the dryer.",0
"The grill brush scrubs well, but the handle is a bit too short for comfort.",0
"The baby monitor is clear, but the battery drains a bit too fast.",0
"The car sun shade fits my windshield, but folding it back up is frustrating.",0
"The resistance bands stretch well, but they pinch the skin a little.",0
"The desk chair is adjustable, but the armrests feel a bit too plasticky.",0
"The dish rack is compact, but the utensil holder is too shallow for tall spoons.",0
"The luggage tag is bright, but the strap feels a bit easily breakable.",0
"The lint roller is sticky, but peeling the used sheet is slightly frustrating.",0
"The spice jars are cute, but the shaker lids are a bit hard to pop off.",0
"The screen wipes are moist, but they leave a very slight residue.",0
"The oven mitts are protective, but they are a bit too bulky for small hands.",0
"The food thermometer is quick, but the screen lacks a backlight for night grilling.",0
"The power bank is reliable, but it is quite heavy for its battery capacity.",0
"The packing cubes are useful, but the mesh material feels a bit delicate.",0
"The soap dispenser looks good, but the pump requires a bit of force.",0
"The reading glasses are clear, but the frames feel a bit tight on the temples.",0
"The coat hanger is sturdy, but the hooks are a bit too close together.",0
"The water pitcher is sleek, but the lid tends to fall off while pouring.",0
"The notebook is nice, but the pages are a bit too thin for heavy markers.",0
"The car mount is stable, but the release button is a bit hard to reach.",0
"The makeup brush applies foundation well, but it sheds a few hairs occasionally.",0
"The bath mat is absorbent, but the rubber backing started peeling slightly.",0
"The protein bar tastes okay, but the texture is a bit too chewy for me.",0
"The cutting board is thick, but it shows knife marks very easily.",0
"The dog harness is secure, but the straps are a bit tricky to adjust.",0
"The essential oil smells nice, but the scent fades away quite fast.",0
"The desk fan is cool, but it vibrates a bit too much on the highest setting.",0
"The guitar strings sound bright, but they seem to tarnish a bit quickly.",0
"The mechanical pencil is nice, but the lead breaks a bit too frequently.",0
"The baby wipes are soft, but they are a bit difficult to pull out one by one.",0
"The storage bins are handy, but the lids don't snap on very tightly.",0
"The hair dryer is strong, but the attachments tend to fall off during use.",0
"The tea is flavorful, but the tea bags tear somewhat easily in the cup.",0
"The face wash cleanses well, but it doesn't foam up as much as I like.",0
"The umbrella is large, but it feels a bit heavy to carry around all day.",0
"The lamp is stylish, but the switch is located awkwardly on the cord.",0
"The wallet is sleek, but it is a bit difficult to slide cards in and out.",0
"The pet bed is cozy, but it is a bit smaller than the dimensions stated.",0
"The monitor has great resolution, but the stand is not height adjustable.",0
"The bicycle is lightweight, but the seat is slightly uncomfortable on long rides.",0
"The printer is efficient, but the replacement cartridges are a bit pricey.",0
"The sunscreen protects well, but it has a very distinct chemical smell.",0
"The rug is soft, but it sheds a bit of material during the first few weeks.",0
"The headphones are comfortable, but the Bluetooth range is somewhat short.",0
"The smart bulb is bright, but the initial setup process was a bit tedious.",0
"The book arrived in good condition, but the font is quite small to read.",0
"The pan heats evenly, but the handle design makes it a bit awkward to hold.",0
"The jacket is warm, but the zipper catches on the fabric occasionally.",0
"The app has good features, but the interface feels a bit cluttered.",0
"The keyboard feels nice, but the spacebar has a slight squeaking sound.",0
"The vacuum is powerful, but the attachments are a bit hard to swap out.",0
"The coffee tastes good, but the roast is slightly lighter than advertised.",0
"The luggage is durable, but the handle extends a bit stiffly.",0
"The watch is elegant, but the screen is a bit hard to read in direct sunlight.",0
"The cream is moisturizing, but it takes a bit too long to fully absorb.",0
"The chair looks great, but the seat is a little too firm for long hours.",0
"The assembly was mostly easy, but one screw was slightly misaligned.",0
"The sound is clear, but I wish the bass was a bit more pronounced.",0
"The coat is beautiful, but it lacks deep pockets which is slightly annoying.",0
"The laptop is fast, but the cooling fan can get a bit loud under load.",0
"I like the color, but the texture is a little rougher than the picture.",0
"The device is helpful, but the battery requires frequent charging.",0
"While the design is modern, the material feels a bit lighter than expected.",0
"The shoes are stylish, however, they are a bit narrow for wide feet.",0
"It functions well, but the user manual could be a bit more detailed.",0
"The delivery took a few extra days, but the product was undamaged.",0
"The quality is decent, though the sizing runs a bit too large for me.",0
"The fabric is lovely, but unfortunately, it doesn't match my furniture.",0
"The baby carrier is very comfortable, but adjusting the straps is tricky.",0
"The pasta maker is very sturdy, but cleaning the rollers takes time.",0
"The shoe polish works well, but the smell is incredibly strong.",0
"The guitar tuner is accurate, but the screen is a bit dim.",0
"The screen protector applied easily, but it slightly reduces touch sensitivity.",0
"The tool bag has plenty of pockets, but the zipper feels a bit stiff.",0
"The humidifier is quiet, but refilling the water tank is somewhat awkward.",0
"The body wash lathers well, but the scent doesn't linger after the shower.",0
"The measuring cups are heavy, but the handles bend if pressed too hard.",0
"The car seat cover looks nice, but it shifts a bit when getting in.",0
"The pet grooming brush is effective, but it is a bit harsh on short hair.",0
"The silicone baking mats are great, but they stain slightly with turmeric.",0
"The sunglasses are lightweight, but the lenses scratch a bit easily.",0
"The green tea is authentic, but the leaves take a long time to steep.",0
"The mattress topper is soft, but it shifts slightly on the bed.",0
"The board game is fun, but the rulebook is quite complicated.",0
"The cutting board is solid, but it needs frequent oiling to stay smooth.",0
"The travel adapter worked, but it feels a bit bulky in the socket.",0
"The facial cleanser is gentle, but it struggles with waterproof mascara.",0
"The hiking boots are durable, but they feel a bit heavy on steep trails.",0
"The notebook paper is smooth, but it ghosts slightly with fountain pens.",0
"The desk fan is strong, but the oscillating mechanism occasionally clicks.",0
"The laundry detergent cleans well, but the measuring cap is messy.",0
"The external hard drive is fast, but the included cable is very short.",0
"The dog treats are loved by my pet, but they crumble very easily.",0
"The wine glasses are elegant, but they are a bit too tall for my cabinet.",0
"The baby monitor video is clear, but the audio has a slight delay.",0
"The foam roller is firm, but it is a bit too wide for my gym bag.",0
"The leather belt is well made, but the dye rubbed off on my jeans slightly.",0
"The smart plug works, but it occasionally disconnects from the app.",0
"The bicycle helmet is breathable, but the chin strap is a bit scratchy.",0
"The makeup palette is pigmented, but there is quite a bit of fallout.",0
"The shower curtain is water-repellent, but it clings to the tub slightly.",0
"The baking sheet is even, but it warped slightly at very high temperatures.",0
"The essential oils smell pure, but the droppers are somewhat inconsistent.",0
"The car wax shines beautifully, but it requires a lot of buffing.",0
"The resistance loops are durable, but the resistance levels are not clearly marked.",0
"The dog leash is strong, but the padded handle takes a while to dry if wet.",0
"The printer ink is vibrant, but the cartridges run out a bit faster than expected.",0
"The hair gel holds well, but it flakes slightly by the end of the day.",0
"The reusable grocery bags hold a lot, but the handles dig into my shoulders.",0
"The microphone is clear, but the desktop stand is a bit flimsy.",0
"The plant pot is modern, but the drainage hole is slightly too large.",0
"The bath bomb dissolved well, but it left a slight color ring in the tub.",0
"The monitor has a high refresh rate, but the color accuracy out of the box is poor.",0
"The spices are fresh, but the shaker holes dispense too much at once.",0
"The drill is powerful, but it is quite heavy to hold for overhead tasks.",0
"The lip balm is nourishing, but it needs to be reapplied quite frequently.",0
"The portable charger is huge, but it takes all night to fully recharge itself.",0
"The mechanical pencil is heavy, but the eraser is far too small.",0
"The throw blanket is cozy, but it generates a lot of static electricity.",0
"The multi-vitamin gives energy, but the pills are uncomfortably large.",0
"The yoga blocks are stable, but they dent easily if pressed too hard.",0
"The air fryer is convenient, but the basket is a bit small for a family.",0
"The acoustic guitar sounds warm, but the tuning pegs feel a bit loose.",0
"The desk organizer looks professional, but the compartments are oddly sized.",0
"The hair straightener heats up fast, but the outside gets very hot to the touch.",0
"The cat litter traps odors, but it tracks a bit too much around the house.",0
"The sewing machine is beginner-friendly, but it struggles with thick fabrics.",0
"The water bottle keeps drinks cold, but it is too wide for my car cup holder.",0
"The puzzle has beautiful artwork, but the glossy finish causes too much glare.",0
"The face serum brightens skin, but it feels slightly tacky until it dries.",0
"The keyboard wrist rest is supportive, but it collects dust very quickly.",0
"The camping chair folds compactly, but the seat is a bit low to the ground.",0
"The bath towels are plush, but they take a very long time to air dry.",0
"The blender crushes ice well, but the glass pitcher is extremely heavy.",0
"The thermal socks are warm, but they are too thick for most of my shoes.",0
"The gaming controller has zero latency, but the D-pad feels a bit stiff.",0
"The wooden table is beautiful, but it requires coasters to prevent water rings.",0
"The digital scale is accurate, but the glass top smudges very easily.",0
"The shaving cream is smooth, but the aerosol can clogs occasionally.",0
"The baby stroller folds easily, but the storage basket underneath is tiny.",0
"The car phone holder sticks firmly, but it limits the vent airflow.",0
"The desk lamp is soothing, but the base takes up a lot of desk space.",0
"The protein powder mixes well, but the scoop was buried at the very bottom.",0
"The gardening tools are durable, but they are a bit heavy for extended use.",0
"The tea selection is wonderful, but the box arrived slightly dented.",0
"The backpack is spacious, but the zippers lack weatherproofing.",0
"The winter coat is thick, but the hood is a bit too oversized.",0
"The dog food is healthy, but the kibble size is a bit large for small breeds.",0
"The suitcase is lightweight, but the exterior scratches quite easily.",0
"The smart bulb app is easy, but it requires a 2.4GHz network only.",0
"The wireless mouse is ergonomic, but the click sound is a bit loud.",0
"I bought these for my parents, they liked them but found the setup confusing.",0
"The frying pan is non-stick, but the bottom warped after a few months.",0
"These running shoes offer good support, but the laces untie easily.",0
"The noise-canceling is great, but they feel a bit heavy on the ears.",0
"My skin feels hydrated, but the scent of the lotion is a bit medicinal.",0
"The bookshelf was easy to assemble, but the veneer chips easily.",0
"A fantastic purchase, though I wish it came in more color options.",0
"The fitness band is lightweight, but the screen scratches very easily.",0
"I adore this necklace, but the clasp is very tiny and hard to fasten.",0
"The customer service was polite, but the wait time on hold was 30 minutes.",0
"Very elegant design, but it requires frequent dusting to look its best.",0
"The coffee machine brews perfectly, but the water reservoir is hard to detach.",0
"I was amazed by the fast delivery, though the outer box was quite battered.",0
"This sweater is incredibly soft, but it pills a bit after washing.",0
"The tablet screen is crisp, but the battery life falls short of claims.",0
"It's a good product overall, but the monthly subscription model is annoying.",0
"The item is functional, but unfortunately, it did not quite meet my expectations.",0
"Sadly, the sizing was a bit too small for me, so I will have to exchange it.",0
"The shipping was somewhat slow, though the product itself arrived safely.",0
"It operates fine, but the battery life is a bit shorter than I had hoped.",0
"The fabric is high quality, but the color is slightly different from the online photo.",0
"While the customer service was very polite, the issue took a few days to resolve.",0
"The instructions were a bit difficult to follow, but the setup is fine now.",0
"It is a decent item, however, I feel the price is a bit high for what it offers.",0
"The device is good, but the sound quality could definitely be improved.",0
"Unfortunately, the design didn't fit my personal style, so I returned it.",0
"The packaging was a bit damaged, but thankfully the product inside was intact.",0
"It works as intended, though the interface feels a bit outdated to me.",0
"I appreciated the quick response, but the material wasn't exactly what I expected.",0
"The screen is beautiful, but the laptop feels a little too heavy for daily travel.",0
"The shoes look lovely, but they are not very comfortable for long walks.",0
"The blender is nice and compact, but it is a bit too loud for early mornings.",0
"Regrettably, this cream didn't work for my skin type, so I had to stop using it.",0
"The customer support team tried their best, but they couldn't fix the software bug.",0
"The material is very soft, but it seems to wrinkle quite easily after a wash.",0
"It is a fair product, but I personally preferred the design of the older version.",0
"The watch looks elegant, but the step tracker is not as accurate as I required.",0
"The delivery was delayed by a week, but the seller kept me informed throughout.",0
"The coat is very stylish, but it is not warm enough for freezing winter days.",0
"The setup process was a bit long, but the application is running smoothly now.",0
"The texture is nice, but the scent is just a bit too strong for my liking.",0
"The non-stick coating works well, but the handle gets a bit warm during use.",0
"The luggage wheels spin nicely, but the main zipper feels a little fragile.",0
"The flavor is okay, but it is slightly more bitter than I originally anticipated.",0
"The vacuum has good suction, but the power cord is a bit too short for big rooms.",0
"The book has a great storyline, but the physical printing quality could be better.",0
"The keyboard is beautiful, but the keys are a bit too loud for quiet offices.",0
"The solar panel works, but it takes quite a long time to charge completely.",0
"The tent is easy to assemble, but it doesn't handle strong winds very well.",0
"The sunscreen leaves a nice finish, but it feels a bit oily after a few hours.",0
"The chair has great lumbar support, but the seat cushion is a bit too firm.",0